College English (L & S)Ⅰ＜203＞,寺川　かおり,前期　月曜日　２時限,１年生 ,ALL
College English (L & S)Ⅱ＜203＞,寺川　かおり,後期　月曜日　２時限,１年生 ,ALL
College English (L & S)Ⅱ＜655＞,寺川　かおり,後期　月曜日　１時限,１年生 ,ALL
多読で学ぶ英語と文化Ⅰ＜2＞,桃尾　美佳,前期　火曜日　３時限,２年生 ,ALL
多読で学ぶ英語と文化Ⅰ＜5＞,桃尾　美佳,後期　木曜日　１時限,２年生 ,ALL
映画で学ぶ英語と文化＜3＞,桃尾　美佳,前期　火曜日　１時限,２年生 ,ALL
実践日本語表現＜1＞,土居　奈生子,前期　水曜日　３時限,１年生 ,ALL
実践日本語表現＜2＞,土居　奈生子,前期　水曜日　４時限,１年生 ,ALL
実践日本語表現＜3＞,土居　奈生子,前期　金曜日　１時限,１年生 ,ALL
実践日本語表現＜4＞,土居　奈生子,前期　金曜日　２時限,１年生 ,ALL
実践日本語表現＜5＞,稲生　知子,前期　木曜日　１時限,１年生 ,ALL
実践日本語表現＜6＞,小橋　孝子,前期　月曜日　５時限,１年生 ,ALL
実践日本語表現＜7＞,松野　彩,前期　火曜日　３時限,１年生 ,ALL
実践日本語表現＜8＞,土居　奈生子,後期　水曜日　３時限,１年生 ,ALL
実践日本語表現＜9＞,土居　奈生子,後期　水曜日　４時限,１年生 ,ALL
実践日本語表現＜10＞,土居　奈生子,後期　金曜日　１時限,１年生 ,ALL
実践日本語表現＜11＞,土居　奈生子,後期　金曜日　２時限,１年生 ,ALL
実践日本語表現＜12＞,稲生　知子,後期　木曜日　１時限,１年生 ,ALL
実践日本語表現＜13＞,小橋　孝子,後期　月曜日　５時限,１年生 ,ALL
実践日本語表現＜14＞,松野　彩,後期　火曜日　３時限,１年生 ,ALL
実践日本語表現＜15＞,新村　衣里子,後期　月曜日　３時限,１年生 ,ALL
古典に学ぶ日本語表現＜2＞,稲生　知子,前期　水曜日　１時限,１年生 ,ALL
古典に学ぶ日本語表現＜4＞,稲生　知子,後期　水曜日　１時限,１年生 ,ALL
テーマ別日本語表現（俳句作りをたのしむ）,高田　正子,前期　金曜日　３時限,２年生 ,ALL
テーマ別日本語表現（源氏物語を読む）,木谷　眞理子,後期　木曜日　５時限,２年生 ,ALL
テーマ別日本語表現（話し方を磨く）,山﨑　広子,前期　水曜日　３時限,２年生 ,ALL
日本企業の現状と展望,北川　浩,後期　水曜日　５時限,２年生 ,ALL
情報基礎＜332＞,飯塚　邦彦,前期　月曜日　３時限,１年生 ,ALL
情報活用Ｄ（オフィススペシャリスト講座）,飯塚　邦彦,後期　月曜日　３時限,１年生 ,ALL
健康・スポーツ演習Ａ＜1＞【フライングディスク】,伴　好彦,前期　月曜日　１時限,１年生 ,ALL
健康・スポーツ演習Ａ＜2＞【ヨガ】,渡邊　典子,前期　火曜日　１時限,１年生 ,ALL
健康・スポーツ演習Ａ＜3＞【バドミントン】,伴　好彦,前期　月曜日　２時限,１年生 ,ALL
健康・スポーツ演習Ａ＜4＞【太極拳】,渡邊　典子,前期　火曜日　２時限,１年生 ,ALL
健康・スポーツ演習Ａ＜5＞【ニュースポーツ】,稲葉　佳奈子,前期　月曜日　２時限,１年生 ,ALL
健康・スポーツ演習Ａ＜7＞【バドミントン】,伴　好彦,前期　月曜日　３時限,１年生 ,ALL
健康・スポーツ演習Ａ＜8＞【ヨガ】,渡邊　典子,前期　火曜日　３時限,１年生 ,ALL
健康・スポーツ演習Ａ＜9＞【ニュースポーツ】,稲葉　佳奈子,前期　月曜日　３時限,１年生 ,ALL
健康・スポーツ演習Ａ＜10＞【テニス】,和田　太一,前期　月曜日　３時限,１年生 ,ALL
健康・スポーツ演習Ａ＜11＞【テニス】,相良　康介,前期　火曜日　１時限,１年生 ,ALL
健康・スポーツ演習Ａ＜12＞【フィットネス・トレーニング】,柳田　尚子,前期　木曜日　１時限,１年生 ,ALL
健康・スポーツ演習Ａ＜13＞【サッカー】,相良　康介,前期　火曜日　２時限,１年生 ,ALL
健康・スポーツ演習Ａ＜14＞【フィットネス・トレーニング】,柳田　尚子,前期　木曜日　２時限,１年生 ,ALL
健康・スポーツ演習Ａ＜15＞【バスケットボール】,長谷川　憲,前期　木曜日　２時限,１年生 ,ALL
健康・スポーツ演習Ａ＜16＞【バドミントン】,田原　麗衣,前期　火曜日　２時限,１年生 ,ALL
健康・スポーツ演習Ａ＜17＞【テニス】,相良　康介,前期　火曜日　３時限,１年生 ,ALL
健康・スポーツ演習Ａ＜18＞【フィットネス・トレーニング】,柳田　尚子,前期　木曜日　３時限,１年生 ,ALL
健康・スポーツ演習Ａ＜19＞【バスケットボール】,長谷川　憲,前期　木曜日　３時限,１年生 ,ALL
健康・スポーツ演習Ａ＜20＞【バドミントン】,田原　麗衣,前期　火曜日　３時限,１年生 ,ALL
健康・スポーツ演習Ａ＜21＞【卓球】,有山　逸平,前期　水曜日　１時限,１年生 ,ALL
健康・スポーツ演習Ａ＜22＞【ゴルフ】,樋口　和洋,前期　水曜日　１時限,１年生 ,ALL
健康・スポーツ演習Ａ＜23＞【サッカー】,有山　逸平,前期　水曜日　２時限,１年生 ,ALL
健康・スポーツ演習Ａ＜24＞【バスケットボール】,樋口　和洋,前期　水曜日　２時限,１年生 ,ALL
健康・スポーツ演習Ａ＜25＞【卓球】,中川　未加子,前期　水曜日　２時限,１年生 ,ALL
None,境　広志,前期　水曜日　２時限,１年生 ,ALL
健康・スポーツ演習Ａ＜27＞【卓球】,有山　逸平,前期　水曜日　３時限,１年生 ,ALL
健康・スポーツ演習Ａ＜28＞【バスケットボール】,樋口　和洋,前期　水曜日　３時限,１年生 ,ALL
健康・スポーツ演習Ａ＜29＞【ゴルフ】,中川　未加子,前期　水曜日　３時限,１年生 ,ALL
健康・スポーツ演習Ａ＜30＞【バドミントン】,田原　麗衣,前期　火曜日　１時限,１年生 ,ALL
健康・スポーツ演習Ａ＜31＞【テニス】,和田　太一,前期　月曜日　１時限,１年生 ,ALL
健康・スポーツ演習Ａ＜32＞【インドアスポーツ】,湯浅　暁子,前期　火曜日　１時限,１年生 ,ALL
健康・スポーツ演習Ａ＜33＞【テニス】,岡田　光弘,前期　木曜日　２時限,１年生 ,ALL
健康・スポーツ演習Ａ＜34＞【バレーボール】,湯浅　暁子,前期　火曜日　２時限,１年生 ,ALL
健康・スポーツ演習Ａ＜35＞【ソフトボール】,北川　純也,前期　木曜日　２時限,１年生 ,ALL
健康・スポーツ演習Ａ＜36＞【バドミントン】,田原　麗衣,前期　水曜日　１時限,１年生 ,ALL
健康・スポーツ演習Ａ＜37＞【テニス】,岡田　光弘,前期　木曜日　３時限,１年生 ,ALL
健康・スポーツ演習Ａ＜38＞【バレーボール】,荒牧　亜衣,前期　金曜日　３時限,１年生 ,ALL
健康・スポーツ演習Ａ＜39＞【ソフトボール】,北川　純也,前期　木曜日　３時限,１年生 ,ALL
健康・スポーツ演習Ａ＜40＞【バドミントン】,境　広志,前期　木曜日　２時限,１年生 ,ALL
健康・スポーツ演習Ａ＜41＞【インドアスポーツ】,芦名　悦生,前期　金曜日　１時限,１年生 ,ALL
健康・スポーツ演習Ａ＜42＞【インドアスポーツ】,北川　純也,前期　木曜日　１時限,１年生 ,ALL
健康・スポーツ演習Ａ＜43＞【バスケットボール】,芦名　悦生,前期　金曜日　２時限,１年生 ,ALL
健康・スポーツ演習Ａ＜44＞【バレーボール】,荒牧　亜衣,前期　金曜日　２時限,１年生 ,ALL
健康・スポーツ演習Ａ＜45＞【テニス】,磯辺　薫,前期　金曜日　２時限,１年生 ,ALL
健康・スポーツ演習Ａ＜46＞【ダンス】,嶋崎　綾乃,前期　金曜日　２時限,１年生 ,ALL
健康・スポーツ演習Ａ＜47＞【バスケットボール】,芦名　悦生,前期　金曜日　３時限,１年生 ,ALL
健康・スポーツ演習Ａ＜48＞【バドミントン】,境　広志,前期　水曜日　３時限,１年生 ,ALL
健康・スポーツ演習Ａ＜49＞【テニス】,磯辺　薫,前期　金曜日　３時限,１年生 ,ALL
健康・スポーツ演習Ａ＜50＞【ダンス】,嶋崎　綾乃,前期　金曜日　３時限,１年生 ,ALL
健康・スポーツ演習Ｂ＜1＞【フライングディスク】,伴　好彦,後期　月曜日　１時限,１年生 ,ALL
健康・スポーツ演習Ｂ＜2＞【ヨガ】,渡邊　典子,後期　火曜日　１時限,１年生 ,ALL
健康・スポーツ演習Ｂ＜3＞【バドミントン】,伴　好彦,後期　月曜日　２時限,１年生 ,ALL
健康・スポーツ演習Ｂ＜4＞【太極拳】,渡邊　典子,後期　火曜日　２時限,１年生 ,ALL
健康・スポーツ演習Ｂ＜5＞【ニュースポーツ】,稲葉　佳奈子,後期　月曜日　２時限,１年生 ,ALL
健康・スポーツ演習Ｂ＜7＞【バドミントン】,伴　好彦,後期　月曜日　３時限,１年生 ,ALL
健康・スポーツ演習Ｂ＜8＞【ヨガ】,渡邊　典子,後期　火曜日　３時限,１年生 ,ALL
健康・スポーツ演習Ｂ＜9＞【ニュースポーツ】,稲葉　佳奈子,後期　月曜日　３時限,１年生 ,ALL
健康・スポーツ演習Ｂ＜10＞【テニス】,和田　太一,後期　月曜日　３時限,１年生 ,ALL
健康・スポーツ演習Ｂ＜11＞【テニス】,相良　康介,後期　火曜日　１時限,１年生 ,ALL
健康・スポーツ演習Ｂ＜12＞【フィットネス・トレーニング】,柳田　尚子,後期　木曜日　１時限,１年生 ,ALL
健康・スポーツ演習Ｂ＜13＞【サッカー】,相良　康介,後期　火曜日　２時限,１年生 ,ALL
健康・スポーツ演習Ｂ＜14＞【フィットネス・トレーニング】,柳田　尚子,後期　木曜日　２時限,１年生 ,ALL
健康・スポーツ演習Ｂ＜15＞【バスケットボール】,長谷川　憲,後期　木曜日　２時限,１年生 ,ALL
健康・スポーツ演習Ｂ＜16＞【バドミントン】,田原　麗衣,後期　火曜日　２時限,１年生 ,ALL
健康・スポーツ演習Ｂ＜17＞【テニス】,相良　康介,後期　火曜日　３時限,１年生 ,ALL
健康・スポーツ演習Ｂ＜18＞【フィットネス・トレーニング】,柳田　尚子,後期　木曜日　３時限,１年生 ,ALL
健康・スポーツ演習Ｂ＜19＞【バスケットボール】,長谷川　憲,後期　木曜日　３時限,１年生 ,ALL
健康・スポーツ演習Ｂ＜20＞【バドミントン】,田原　麗衣,後期　火曜日　３時限,１年生 ,ALL
健康・スポーツ演習Ｂ＜21＞【卓球】,有山　逸平,後期　水曜日　１時限,１年生 ,ALL
健康・スポーツ演習Ｂ＜22＞【ゴルフ】,樋口　和洋,後期　水曜日　１時限,１年生 ,ALL
健康・スポーツ演習Ｂ＜23＞【サッカー】,有山　逸平,後期　水曜日　２時限,１年生 ,ALL
健康・スポーツ演習Ｂ＜24＞【バスケットボール】,樋口　和洋,後期　水曜日　２時限,１年生 ,ALL
健康・スポーツ演習Ｂ＜25＞【卓球】,中川　未加子,後期　水曜日　２時限,１年生 ,ALL
健康・スポーツ演習Ｂ＜26＞【バドミントン】,境　広志,後期　水曜日　２時限,１年生 ,ALL
健康・スポーツ演習Ｂ＜27＞【フットサル】,有山　逸平,後期　水曜日　３時限,１年生 ,ALL
健康・スポーツ演習Ｂ＜28＞【バスケットボール】,樋口　和洋,後期　水曜日　３時限,１年生 ,ALL
健康・スポーツ演習Ｂ＜29＞【ゴルフ】,中川　未加子,後期　水曜日　３時限,１年生 ,ALL
健康・スポーツ演習Ｂ＜30＞【テニス】,和田　太一,後期　月曜日　１時限,１年生 ,ALL
健康・スポーツ演習Ｂ＜31＞【卓球】,岡田　光弘,後期　木曜日　１時限,１年生 ,ALL
健康・スポーツ演習Ｂ＜32＞【インドアスポーツ】,湯浅　暁子,後期　火曜日　１時限,１年生 ,ALL
健康・スポーツ演習Ｂ＜33＞【インドアスポーツ】,北川　純也,後期　木曜日　１時限,１年生 ,ALL
健康・スポーツ演習Ｂ＜34＞【テニス】,岡田　光弘,後期　木曜日　２時限,１年生 ,ALL
健康・スポーツ演習Ｂ＜35＞【バレーボール】,湯浅　暁子,後期　火曜日　２時限,１年生 ,ALL
健康・スポーツ演習Ｂ＜37＞【バドミントン】,田原　麗衣,後期　火曜日　１時限,１年生 ,ALL
健康・スポーツ演習Ｂ＜38＞【テニス】,岡田　光弘,後期　木曜日　３時限,１年生 ,ALL
健康・スポーツ演習Ｂ＜39＞【バレーボール】,荒牧　亜衣,後期　金曜日　３時限,１年生 ,ALL
健康・スポーツ演習Ｂ＜40＞【ソフトボール】,北川　純也,後期　木曜日　３時限,１年生 ,ALL
健康・スポーツ演習Ｂ＜41＞【インドアスポーツ】,芦名　悦生,後期　金曜日　１時限,１年生 ,ALL
健康・スポーツ演習Ｂ＜42＞【バドミントン】,境　広志,後期　水曜日　３時限,１年生 ,ALL
健康・スポーツ演習Ｂ＜43＞【バスケットボール】,芦名　悦生,後期　金曜日　２時限,１年生 ,ALL
健康・スポーツ演習Ｂ＜44＞【バレーボール】,荒牧　亜衣,後期　金曜日　２時限,１年生 ,ALL
健康・スポーツ演習Ｂ＜45＞【テニス】,磯辺　薫,後期　金曜日　２時限,１年生 ,ALL
健康・スポーツ演習Ｂ＜46＞【ダンス】,嶋崎　綾乃,後期　金曜日　２時限,１年生 ,ALL
健康・スポーツ演習Ｂ＜47＞【バスケットボール】,芦名　悦生,後期　金曜日　３時限,１年生 ,ALL
健康・スポーツ演習Ｂ＜48＞【バドミントン】,境　広志,後期　水曜日　１時限,１年生 ,ALL
健康・スポーツ演習Ｂ＜49＞【テニス】,磯辺　薫,後期　金曜日　３時限,１年生 ,ALL
健康・スポーツ演習Ｂ＜50＞【ダンス】,嶋崎　綾乃,後期　金曜日　３時限,１年生 ,ALL
哲学の基礎＜1＞,関口　浩,前期　月曜日　３時限,１年生 ,ALL
哲学の基礎＜2＞,瀨戸　一夫,前期　月曜日　５時限,１年生 ,ALL
哲学の基礎＜3＞,金成　祐人,後期　月曜日　１時限,１年生 ,ALL
文学への招待＜1＞,原　善,前期　水曜日　１時限,１年生 ,ALL
文学への招待＜2＞,吉丸　雄哉,後期　火曜日　４時限,１年生 ,ALL
文学への招待＜3＞,志賀　俊介,後期　火曜日　２時限,１年生 ,ALL
芸術への招待＜2＞,人見　伸子,前期（オンライン）　集中講義　集中講義,１年生 ,ALL
芸術への招待＜3＞,人見　伸子,後期（オンライン）　集中講義　集中講義,１年生 ,ALL
カルチュラル・スタディーズ＜1＞,清水　均,前期　火曜日　５時限,１年生 ,ALL
カルチュラル・スタディーズ＜2＞,塩谷　昌之,後期　水曜日　２時限,１年生 ,ALL
カルチュラル・スタディーズ＜4＞,北小路　隆志,後期　月曜日　２時限,１年生 ,ALL
心理学の基礎＜1＞,林　潤一郎,後期　木曜日　１時限,１年生 ,ALL
心理学の基礎＜2＞,高堰　仁美,前期　水曜日　１時限,１年生 ,ALL
心理学の基礎＜3＞,新井　素子,前期　金曜日　５時限,１年生 ,ALL
自己理解の心理学＜1＞,岩田　淳子,後期　金曜日　２時限,１年生 ,ALL
教育原理＜1＞,馬上　美知,前期　木曜日　２時限,１年生 ,ALL
教育心理学＜1＞,松沼　光泰,前期　月曜日　４時限,１年生 ,ALL
教育心理学＜2＞,松沼　光泰,前期　水曜日　２時限,１年生 ,ALL
教育心理学＜3＞,杉山　雅宏,後期　月曜日　１時限,１年生 ,ALL
経済学の基礎＜1＞,地主　遼史,前期　火曜日　３時限,１年生 ,ALL
経済学の基礎＜2＞,地主　遼史,後期　金曜日　２時限,１年生 ,ALL
経済学の基礎＜3＞,内田　潤,前期　火曜日　５時限,１年生 ,ALL
社会学と現代＜1＞,青山　陽子,前期　金曜日　３時限,１年生 ,ALL
企業と社会,生方　裕一,前期　月曜日　３時限,１年生 ,ALL
近現代日本史Ａ＜1＞,酒井　晃,前期　火曜日　１時限,１年生 ,ALL
近現代日本史Ａ＜2＞,大窪　有太,前期　火曜日　３時限,１年生 ,ALL
近現代日本史Ａ＜3＞,髙島　笙,前期　火曜日　４時限,１年生 ,ALL
人間と進化,三吉　美加,後期　木曜日　１時限,１年生 ,ALL
天文学入門,古荘　玲子,前期　木曜日　５時限,１年生 ,ALL
薬はなぜ効くか,須藤　勝美,後期　火曜日　５時限,１年生 ,ALL
環境科学トピックス（食料と環境）,稲垣　昭子,後期　木曜日　４時限,２年生 ,ALL
こころの健康と臨床＜2＞,林　潤一郎,後期　木曜日　２時限,２年生 ,ALL
共生社会トピックス（三菱寄附講座　データサイエンスの最前線）,小森　理,集中（夏期）　集中講義　集中講義,２年生 ,ALL
大学生活と相互理解,林　潤一郎,前期　木曜日　２時限,１年生 ,ALL
基礎ゼミナール＜７＞,地主　遼史,前期　火曜日　２時限,１年生 ,ECONOMICS
基礎ゼミナール＜１６＞,内田　潤,前期　火曜日　２時限,１年生 ,ECONOMICS
情報分析ゼミナール（Pythonを使ったプログラミング入門）,地主　遼史,後期　金曜日　３時限,２年生 ,ECONOMICS
初級経済数学,地主　遼史,前期　金曜日　２時限,１年生 ,ECONOMICS
基盤特殊講義（身近なゲーム理論）,地主　遼史,後期　金曜日　４時限,２年生 ,ECONOMICS
組織の経済学,内田　潤,後期　火曜日　５時限,２年生 ,ECONOMICS
基礎演習＜108＞,林　潤一郎,前期　月曜日　２時限,１年生 ,BUSSINESS
経営専門演習Ⅰ＜６＞,北川　浩,前期　火曜日　４時限,３年生 ,BUSSINESS
経営専門演習Ⅱ＜６＞,北川　浩,後期　火曜日　４時限,３年生 ,BUSSINESS
経営卒業研究＜６＞,北川　浩,前期　火曜日　３時限,４年生 ,BUSSINESS
経営卒業研究＜６＞,北川　浩,後期　火曜日　３時限,４年生 ,BUSSINESS
マクロ経済学の基礎＜２＞,北川　浩,後期　水曜日　１時限,１年生 ,BUSSINESS
カウンセリングの基礎,林　潤一郎,前期　月曜日　１時限,２年生 ,BUSSINESS
ストレス・マネジメント,林　潤一郎,後期　月曜日　２時限,２年生 ,BUSSINESS
情報分析特殊講義（ソーシャルメディア研究）,高橋　暁子,後期　金曜日　３時限,２年生 ,BUSSINESS
アカデミックスキルズⅡ＜8＞,稲垣　昭子,前期　木曜日　２時限,２年生 ,SOCIENCE
ＰＢＬⅠ（DM）,小森　理,前期　火曜日　３時限,３年生 ,SOCIENCE
ＰＢＬⅠ（DM）,小森　理,前期　火曜日　３時限,３年生 ,SOCIENCE
ＰＢＬⅠ（EE）,青柳　里果,前期　火曜日　３時限,３年生 ,SOCIENCE
ＰＢＬⅠ（EE）,青柳　里果,前期　火曜日　４時限,３年生 ,SOCIENCE
ＰＢＬⅠ（AC）,鈴木　誠一,前期　火曜日　３時限,３年生 ,SOCIENCE
ＰＢＬⅠ（AC）,鈴木　誠一,前期　火曜日　４時限,３年生 ,SOCIENCE
ＰＢＬⅡ（DM小森）,小森　理,後期　火曜日　３時限,３年生 ,SOCIENCE
ＰＢＬⅡ（DM小森）,小森　理,後期　火曜日　４時限,３年生 ,SOCIENCE
ＰＢＬⅡ（CS小池）,小池　淳,後期　火曜日　３時限,３年生 ,SOCIENCE
ＰＢＬⅡ（CS小池）,小池　淳,後期　火曜日　４時限,３年生 ,SOCIENCE
ＰＢＬⅡ（EE）,青柳　里果,後期　金曜日　４時限,３年生 ,SOCIENCE
ＰＢＬⅡ（EE青柳）,青柳　里果,後期　金曜日　４時限,３年生 ,SOCIENCE
ＰＢＬⅡ（AC鈴木誠）,鈴木　誠一,後期　水曜日　３時限,３年生 ,SOCIENCE
ＰＢＬⅡ（AC鈴木誠）,鈴木　誠一,後期　水曜日　４時限,３年生 ,SOCIENCE
ＰＢＬⅡ（AC鈴木誠）,鈴木　誠一,後期　水曜日　５時限,３年生 ,SOCIENCE
【抽選】情報社会倫理,教員　未定,後期　木曜日　３時限,１年生 ,SOCIENCE
連携プロジェクトⅠ＜3＞,青柳　里果,後期　木曜日　１時限,２年生 ,SOCIENCE
連携プロジェクトⅡ,鈴木　誠一,前期　木曜日　２時限,３年生 ,SOCIENCE
連携プロジェクトⅠ,青柳　里果,後期　木曜日　１時限,３年生 ,SOCIENCE
連携プロジェクトⅡ＜5＞,鈴木　誠一,前期　木曜日　２時限,３年生 ,SOCIENCE
科学技術者倫理,会田　和弘,前期　木曜日　５時限,３年生 ,SOCIENCE
プログラミング基礎＜2＞,小森　理,前期　金曜日　３時限,１年生 ,SOCIENCE
プログラミング基礎＜6＞,小池　淳,前期　金曜日　３時限,１年生 ,SOCIENCE
コンピュータ基礎＜7＞,小池　淳,後期　火曜日　２時限,１年生 ,SOCIENCE
生物学実験,鈴木　誠一,集中（通年）　集中講義　集中講義,２年生 ,SOCIENCE
化学概論,稲垣　昭子,前期　火曜日　５時限,１年生 ,SOCIENCE
化学数学＜1＞,鈴木　誠一,後期　月曜日　３時限,１年生 ,SOCIENCE
化学数学＜2＞,稲垣　昭子,後期　月曜日　３時限,１年生 ,SOCIENCE
応用フーリエ解析,小池　淳,前期　火曜日　２時限,２年生 ,SOCIENCE
輪講（DM小森）,小森　理,集中（前期）　集中講義　集中講義,４年生 ,SOCIENCE
輪講（CS小池）,小池　淳,集中（前期）　集中講義　集中講義,４年生 ,SOCIENCE
輪講（EE青柳）,青柳　里果,前期　火曜日　１時限,４年生 ,SOCIENCE
輪講（AC鈴木誠）,鈴木　誠一,前期　金曜日　１時限,４年生 ,SOCIENCE
卒業研究Ⅰ（DM小森）,小森　理,集中（前期）　集中講義　集中講義,４年生 ,SOCIENCE
卒業研究Ⅰ（CS小池）,小池　淳,集中（前期）　集中講義　集中講義,４年生 ,SOCIENCE
卒業研究Ⅰ（EE青柳）,青柳　里果,集中（前期）　集中講義　集中講義,４年生 ,SOCIENCE
卒業研究Ⅰ（AC鈴木誠）,鈴木　誠一,集中（前期）　集中講義　集中講義,４年生 ,SOCIENCE
卒業研究Ⅱ（DM小森）,小森　理,集中（後期）　集中講義　集中講義,４年生 ,SOCIENCE
None,小池　淳,集中（後期）　集中講義　集中講義,４年生 ,SOCIENCE
卒業研究Ⅱ（EE青柳）,青柳　里果,集中（後期）　集中講義　集中講義,４年生 ,SOCIENCE
卒業研究Ⅱ（AC鈴木誠）,鈴木　誠一,集中（後期）　集中講義　集中講義,４年生 ,SOCIENCE
C++プログラミングⅠ＜3＞,小池　淳,後期　金曜日　３時限,１年生 ,SOCIENCE
C++プログラミング実験Ⅰ＜1＞,小池　淳,後期　金曜日　４時限,１年生 ,SOCIENCE
C++プログラミング実験Ⅰ＜2＞,小池　淳,後期　金曜日　４時限,１年生 ,SOCIENCE
C++プログラミング実験Ⅰ＜3＞,小池　淳,後期　金曜日　４時限,１年生 ,SOCIENCE
C++プログラミング実験Ⅰ＜4＞,小池　淳,後期　金曜日　４時限,１年生 ,SOCIENCE
C++プログラミング実験Ⅰ＜5＞,小池　淳,後期　金曜日　４時限,１年生 ,SOCIENCE
C++プログラミング実験Ⅰ＜6＞,小池　淳,後期　金曜日　４時限,１年生 ,SOCIENCE
C++プログラミング実験Ⅰ＜7＞,小池　淳,後期　金曜日　４時限,１年生 ,SOCIENCE
C++プログラミング実験Ⅰ＜8＞,小池　淳,後期　金曜日　４時限,１年生 ,SOCIENCE
C++プログラミング実験Ⅰ＜9＞,小池　淳,後期　金曜日　４時限,１年生 ,SOCIENCE
C++プログラミング実験Ⅰ＜10＞,小池　淳,後期　金曜日　４時限,１年生 ,SOCIENCE
確率統計＜2＞,小森　理,後期　水曜日　２時限,１年生 ,SOCIENCE
CAD/CAMⅠ＜1＞,蘆田　茉希,後期　月曜日　１時限,２年生 ,SOCIENCE
CAD/CAMⅠ＜1＞,蘆田　茉希,後期　月曜日　２時限,２年生 ,SOCIENCE
CAD/CAMⅠ＜2＞,菅間　敦,後期　月曜日　１時限,２年生 ,SOCIENCE
CAD/CAMⅠ＜2＞,菅間　敦,後期　月曜日　２時限,２年生 ,SOCIENCE
CAD/CAMⅠ＜3＞,弓削　康平,後期　水曜日　４時限,２年生 ,SOCIENCE
CAD/CAMⅠ＜3＞,弓削　康平,後期　水曜日　５時限,２年生 ,SOCIENCE
電気電子工学概論,青柳　里果,後期　月曜日　５時限,１年生 ,SOCIENCE
電気電子工学実験,青柳　里果,後期　月曜日　３時限,２年生 ,SOCIENCE
電気電子工学実験,青柳　里果,後期　月曜日　４時限,２年生 ,SOCIENCE
無機化学基礎,稲垣　昭子,前期　月曜日　３時限,１年生 ,SOCIENCE
電気電子工学実験,青柳　里果,後期　月曜日　３時限,２年生 ,SOCIENCE
電気電子工学実験,青柳　里果,後期　月曜日　４時限,２年生 ,SOCIENCE
無機化学基礎,稲垣　昭子,前期　月曜日　３時限,１年生 ,SOCIENCE
None,稲垣　昭子,後期　火曜日　３時限,１年生 ,SOCIENCE
応用化学演習Ⅰ＜3＞,稲垣　昭子,後期　火曜日　３時限,１年生 ,SOCIENCE
応用化学演習Ⅰ＜4＞,稲垣　昭子,後期　火曜日　３時限,１年生 ,SOCIENCE
データ解析法,小森　理,後期　月曜日　２時限,２年生 ,SOCIENCE
統計モデリング,小森　理,後期　木曜日　２時限,３年生 ,SOCIENCE
メディア技術概論,世木　寛之,前期　金曜日　４時限,３年生 ,SOCIENCE
CAD/CAMⅡ＜1＞,弓削　康平,後期　火曜日　１時限,３年生 ,SOCIENCE
CAD/CAMⅡ＜1＞,弓削　康平,後期　火曜日　２時限,３年生 ,SOCIENCE
CAD/CAMⅡ＜2＞,荒木　陽三,後期　火曜日　１時限,３年生 ,SOCIENCE
CAD/CAMⅡ＜2＞,荒木　陽三,後期　火曜日　２時限,３年生 ,SOCIENCE
生産システム工学,千葉　明,前期　木曜日　４時限,３年生 ,SOCIENCE
電気数学,青柳　里果,前期　金曜日　３時限,２年生 ,SOCIENCE
電子固体物性,青柳　里果,前期　月曜日　３時限,２年生 ,SOCIENCE
プログラミングCⅡ＜2＞,青柳　里果,後期　火曜日　３時限,２年生 ,SOCIENCE
電気電子計測,青柳　里果,後期　木曜日　２時限,２年生 ,SOCIENCE
応用化学特別講義Ⅰ,稲垣　昭子,前期　月曜日　２時限,１年生 ,SOCIENCE
応用化学特別講義Ⅰ,鈴木　誠一,前期　月曜日　２時限,１年生 ,SOCIENCE
固体化学,稲垣　昭子,後期　火曜日　２時限,２年生 ,SOCIENCE
サイエンスプログラミング＜1＞,鈴木　誠一,後期　木曜日　２時限,２年生 ,SOCIENCE
応用化学特別講義Ⅱ,稲垣　昭子,後期　木曜日　４時限,２年生 ,SOCIENCE
量子化学,稲垣　昭子,前期　水曜日　２時限,３年生 ,SOCIENCE
生物資源工学,鈴木　誠一,後期　木曜日　１時限,３年生 ,SOCIENCE
日本文学研究の基礎,小橋　孝子,前期　月曜日　３時限,１年生 ,LITERATURE
近現代文学基礎研究Ⅰ ＜1＞,浜田　雄介,前期　火曜日　３時限,２年生 ,LITERATURE
近現代文学基礎研究Ⅱ ＜1＞,浜田　雄介,後期　火曜日　３時限,２年生 ,LITERATURE
日本語学基礎研究Ⅰ ＜1＞,久保田　篤,前期　水曜日　２時限,２年生 ,LITERATURE
日本語学基礎研究Ⅱ ＜1＞,久保田　篤,後期　水曜日　２時限,２年生 ,LITERATURE
日本文学演習Ⅰ ＜7＞,浜田　雄介,前期　月曜日　４時限,３年生 ,LITERATURE
日本文学演習Ⅱ ＜7＞,浜田　雄介,後期　月曜日　４時限,３年生 ,LITERATURE
日本文学演習Ⅲ ＜7＞,浜田　雄介,前期　月曜日　４時限,４年生 ,LITERATURE
日本文学演習Ⅳ ＜7＞,浜田　雄介,後期　月曜日　４時限,４年生 ,LITERATURE
日本文学演習Ⅰ ＜8＞,浜田　雄介,前期　火曜日　４時限,３年生 ,LITERATURE
日本文学演習Ⅱ ＜8＞,浜田　雄介,後期　火曜日　４時限,３年生 ,LITERATURE
None,浜田　雄介,前期　火曜日　４時限,４年生 ,LITERATURE
日本文学演習Ⅳ ＜8＞,浜田　雄介,後期　火曜日　４時限,４年生 ,LITERATURE
日本語学演習Ⅰ ＜1＞,久保田　篤,前期　木曜日　４時限,３年生 ,LITERATURE
日本語学演習Ⅱ ＜1＞,久保田　篤,後期　木曜日　４時限,３年生 ,LITERATURE
日本語学演習Ⅲ ＜1＞,久保田　篤,前期　木曜日　５時限,４年生 ,LITERATURE
日本語学演習Ⅳ ＜1＞,久保田　篤,後期　木曜日　５時限,４年生 ,LITERATURE
古代日本文学講義Ｂ,桜井　宏徳,前期　金曜日　４時限,２年生 ,LITERATURE
創作講座（短歌）,林　あまり,前期　火曜日　４時限,２年生 ,LITERATURE
メディア史入門,今田　絵里香,後期　火曜日　２時限,２年生 ,LITERATURE
現代社会研究の基礎Ⅰ ＜1＞,飯塚　邦彦,前期　水曜日　１時限,１年生 ,LITERATURE
現代社会研究の基礎Ⅱ ＜1＞,飯塚　邦彦,後期　水曜日　１時限,１年生 ,LITERATURE
現代社会研究の方法Ⅱ ＜3＞,那波　泰輔,後期　水曜日　２時限,２年生 ,LITERATURE
現代社会研究の方法Ⅰ ＜4＞,飯塚　邦彦,前期　水曜日　２時限,２年生 ,LITERATURE
現代社会研究の方法Ⅱ ＜4＞,飯塚　邦彦,後期　水曜日　２時限,２年生 ,LITERATURE
演習Ⅰ ＜2＞,稲葉　佳奈子,前期　火曜日　３時限,３年生 ,LITERATURE
演習Ⅱ ＜2＞,稲葉　佳奈子,後期　火曜日　３時限,３年生 ,LITERATURE
演習Ⅲ ＜2＞,稲葉　佳奈子,前期　火曜日　４時限,４年生 ,LITERATURE
演習Ⅳ ＜2＞,稲葉　佳奈子,後期　火曜日　４時限,４年生 ,LITERATURE
演習Ⅰ ＜3＞,今田　絵里香,前期　木曜日　４時限,３年生 ,LITERATURE
演習Ⅱ ＜3＞,今田　絵里香,後期　木曜日　４時限,３年生 ,LITERATURE
演習Ⅲ ＜3＞,今田　絵里香,前期　木曜日　４時限,４年生 ,LITERATURE
演習Ⅳ ＜3＞,今田　絵里香,後期　木曜日　４時限,４年生 ,LITERATURE
演習Ⅱ ＜4＞,今田　絵里香,後期　木曜日　５時限,３年生 ,LITERATURE
演習Ⅲ ＜4＞,今田　絵里香,前期　木曜日　５時限,４年生 ,LITERATURE
演習Ⅳ ＜4＞,今田　絵里香,後期　木曜日　５時限,４年生 ,LITERATURE
演習Ⅰ ＜4＞,今田　絵里香,前期　木曜日　５時限,４年生 ,LITERATURE
教育社会学,今田　絵里香,後期　火曜日　３時限,１年生 ,LITERATURE
量的調査入門（統計学）,小林　盾,前期　月曜日　５時限,２年生 ,LITERATURE
スポーツ社会学,稲葉　佳奈子,前期　木曜日　１時限,２年生 ,LITERATURE
質的調査法（インタビュー）,那波　泰輔,後期　水曜日　４時限,２年生 ,LITERATURE
出版メディア論,今田　絵里香,前期　火曜日　３時限,２年生 ,LITERATURE
メディア・リテラシー演習Ｂ,今田　絵里香,後期　金曜日　３時限,２年生 ,LITERATURE
メディア・リテラシー演習Ｂ,今田　絵里香,後期　金曜日　４時限,２年生 ,LITERATURE
現代社会研究Ｂ,那波　泰輔,前期　火曜日　５時限,２年生 ,LITERATURE
トピック・セミナーＢ,高嶋　由布子,後期　月曜日　５時限,１年生 ,LITERATURE
日本語教育方法論,小田切　由香子,後期　月曜日　３時限,１年生 ,LITERATURE
日本語教育事情,小田切　由香子,前期　月曜日　３時限,１年生 ,LITERATURE
言語学講義（言語と社会）,川橋　葉子,前期　金曜日　２時限,１年生 ,LITERATURE
日本語教育演習,小田切　由香子,前期　月曜日　４時限,２年生 ,LITERATURE
教育相談＜1＞,岩田　淳子,前期　木曜日　１時限,２年生 ,UNKNOWN
教育相談＜2＞,岩田　淳子,後期　水曜日　１時限,２年生 ,UNKNOWN
教育相談＜3＞,岩田　淳子,前期　金曜日　２時限,２年生 ,UNKNOWN
教職実践演習（中・高）＜1＞,岩田　淳子,後期　水曜日　２時限,４年生 ,UNKNOWN
教職実践演習（中・高）＜2＞,岩田　淳子,後期　水曜日　２時限,４年生 ,UNKNOWN
教職実践演習（中・高）＜3＞,岩田　淳子,後期　水曜日　２時限,４年生 ,UNKNOWN
教職実践演習（中・高）＜4＞,岩田　淳子,後期　水曜日　２時限,４年生 ,UNKNOWN
憲法Ⅱ,藤井　樹也,後期　水曜日　４時限,２年生 ,JUSTIFICATION
憲法Ⅱ,藤井　樹也,後期　水曜日　５時限,２年生 ,JUSTIFICATION
憲法Ⅰ,藤井　樹也,前期　水曜日　４時限,２年生 ,JUSTIFICATION
憲法Ⅰ,藤井　樹也,前期　水曜日　５時限,２年生 ,JUSTIFICATION
民法Ⅳ,建部　雅,前期　月曜日　１時限,３年生 ,JUSTIFICATION
民法Ⅳ,建部　雅,前期　月曜日　２時限,３年生 ,JUSTIFICATION
（法律）演習ⅠＢ（英文を読む・基礎憲法）,藤井　樹也,後期　木曜日　２時限,１年生 ,JUSTIFICATION
（法律）演習ⅡＡ（英文を読む・初級憲法）,藤井　樹也,前期　水曜日　３時限,２年生 ,JUSTIFICATION
（法律）演習ⅡＢ（英文を読む・初級憲法）,藤井　樹也,後期　水曜日　３時限,２年生 ,JUSTIFICATION
（法律）演習ⅢＢ（英文を読む・中級憲法）,藤井　樹也,後期　水曜日　２時限,３年生 ,JUSTIFICATION
（法律）演習ⅢＢ（１）,建部　雅,後期　金曜日　２時限,３年生 ,JUSTIFICATION
（法律）演習ⅢＢ（２）,建部　雅,後期　金曜日　３時限,３年生 ,JUSTIFICATION
（法律）演習ⅢＡ（英文を読む・中級憲法）,藤井　樹也,前期　水曜日　２時限,３年生 ,JUSTIFICATION
（法律）演習ⅣＡ（英文を読む・上級憲法）,藤井　樹也,前期　木曜日　３時限,４年生 ,JUSTIFICATION
（法律）演習ⅣＢ（英文を読む・上級憲法）,藤井　樹也,後期　木曜日　３時限,４年生 ,JUSTIFICATION
（法律）演習ⅣＢ（１）,建部　雅,後期　金曜日　２時限,４年生 ,JUSTIFICATION
（法律）演習ⅣＢ（２）,建部　雅,後期　金曜日　３時限,４年生 ,JUSTIFICATION
ＬＥⅠ（読んで書く・憲法判例演習Ｂ）,藤井　樹也,後期　火曜日　５時限,２年生 ,JUSTIFICATION
ＬＥⅡ（民法Ⅱ発展）,建部　雅,前期　火曜日　１時限,２年生 ,JUSTIFICATION
ＬＥⅡ（読んで書く・憲法判例演習Ａ）,藤井　樹也,前期　火曜日　５時限,２年生 ,JUSTIFICATION
ＬＥⅡ（読んで書く・憲法判例演習Ｂ）,藤井　樹也,後期　火曜日　５時限,２年生 ,JUSTIFICATION
ＬＥⅢ（読んで書く・憲法判例演習Ａ）,藤井　樹也,前期　火曜日　５時限,３年生 ,JUSTIFICATION
ＬＥⅢ（読んで書く・憲法判例演習Ｂ）,藤井　樹也,後期　火曜日　５時限,３年生 ,JUSTIFICATION
日本法制史Ⅱ,建部　雅,前期　金曜日　２時限,３年生 ,JUSTIFICATION
民事法特殊講義Ⅱ（民事法の新展開）,建部　雅,後期　火曜日　１時限,２年生 ,JUSTIFICATION
コンデンスト民法Ⅰ,建部　雅,前期　金曜日　１時限,１年生 ,JUSTIFICATION
コンデンスト民法Ⅲ,建部　雅,後期　月曜日　１時限,３年生 ,JUSTIFICATION
コンデンスト民法Ⅱ,建部　雅,後期　月曜日　２時限,１年生 ,JUSTIFICATION
健康政策論,境　広志,後期　木曜日　２時限,１年生 ,JUSTIFICATION
文化演習（英語圏）Ⅰ＜4＞,桃尾　美佳,前期　水曜日　１時限,２年生 ,JUSTIFICATION
文化演習（英語圏）Ⅱ＜3＞,桃尾　美佳,後期　水曜日　１時限,２年生 ,JUSTIFICATION
文化演習（英語圏）Ⅱ＜4＞,桃尾　美佳,後期　水曜日　２時限,２年生 ,JUSTIFICATION
文化演習（英語圏）Ⅲ＜3＞,桃尾　美佳,前期　水曜日　２時限,２年生 ,JUSTIFICATION
文化演習（英語圏）Ⅲ＜4＞,桃尾　美佳,前期　水曜日　３時限,２年生 ,JUSTIFICATION
文化演習（英語圏）Ⅳ＜3＞,桃尾　美佳,後期　水曜日　３時限,２年生 ,JUSTIFICATION
生体環境電気工学特論Ⅱ,鈴木　誠一,前期　木曜日　１時限,１年生 ,UNKNOWN
物性化学特論,稲垣　昭子,後期　木曜日　２時限,１年生 ,UNKNOWN
計測データ解析特論Ⅰ,青柳　里果,前期　月曜日　２時限,１年生 ,UNKNOWN
物質生命特別演習Ⅰ,青柳　里果,集中（前期）　集中講義　集中講義,１年生 ,UNKNOWN
物質生命特別演習Ⅰ,青柳　里果,集中（後期）　集中講義　集中講義,１年生 ,UNKNOWN
物質生命特別演習Ⅰ,鈴木　誠一,集中（前期）　集中講義　集中講義,１年生 ,UNKNOWN
物質生命特別演習Ⅰ,鈴木　誠一,集中（後期）　集中講義　集中講義,１年生 ,UNKNOWN
物質生命特別演習Ⅰa,青柳　里果,集中（前期）　集中講義　集中講義,１年生 ,UNKNOWN
物質生命特別演習Ⅰa,鈴木　誠一,集中（前期）　集中講義　集中講義,１年生 ,UNKNOWN
物質生命特別演習Ⅰb,青柳　里果,集中（後期）　集中講義　集中講義,１年生 ,UNKNOWN
物質生命特別演習Ⅰb,鈴木　誠一,集中（後期）　集中講義　集中講義,１年生 ,UNKNOWN
物質生命特別演習Ⅱ,青柳　里果,集中（前期）　集中講義　集中講義,１年生 ,UNKNOWN
物質生命特別演習Ⅱ,青柳　里果,集中（後期）　集中講義　集中講義,１年生 ,UNKNOWN
物質生命特別演習Ⅱ,鈴木　誠一,集中（前期）　集中講義　集中講義,１年生 ,UNKNOWN
物質生命特別演習Ⅱ,鈴木　誠一,集中（後期）　集中講義　集中講義,１年生 ,UNKNOWN
物質生命特別実験Ⅰ,青柳　里果,集中（前期）　集中講義　集中講義,１年生 ,UNKNOWN
物質生命特別実験Ⅰ,青柳　里果,集中（後期）　集中講義　集中講義,１年生 ,UNKNOWN
物質生命特別実験Ⅰ,鈴木　誠一,集中（前期）　集中講義　集中講義,１年生 ,UNKNOWN
物質生命特別実験Ⅰ,鈴木　誠一,集中（後期）　集中講義　集中講義,１年生 ,UNKNOWN
物質生命特別実験Ⅰa,青柳　里果,集中（前期）　集中講義　集中講義,１年生 ,UNKNOWN
物質生命特別実験Ⅰa,鈴木　誠一,集中（前期）　集中講義　集中講義,１年生 ,UNKNOWN
物質生命特別実験Ⅰb,青柳　里果,集中（後期）　集中講義　集中講義,１年生 ,UNKNOWN
物質生命特別実験Ⅰb,鈴木　誠一,集中（後期）　集中講義　集中講義,１年生 ,UNKNOWN
物質生命特別実験Ⅱ,青柳　里果,集中（前期）　集中講義　集中講義,１年生 ,UNKNOWN
物質生命特別実験Ⅱ,青柳　里果,集中（後期）　集中講義　集中講義,１年生 ,UNKNOWN
物質生命特別実験Ⅱ,鈴木　誠一,集中（前期）　集中講義　集中講義,１年生 ,UNKNOWN
物質生命特別実験Ⅱ,鈴木　誠一,集中（後期）　集中講義　集中講義,１年生 ,UNKNOWN
生体環境電気工学特論Ⅲ,鈴木　誠一,前期　火曜日　２時限,１年生 ,UNKNOWN
計測データ解析特論Ⅲ,青柳　里果,前期　木曜日　２時限,１年生 ,UNKNOWN
物質生命特別演習Ⅲ,青柳　里果,集中（前期）　集中講義　集中講義,１年生 ,UNKNOWN
物質生命特別演習Ⅲ,青柳　里果,集中（後期）　集中講義　集中講義,１年生 ,UNKNOWN
物質生命特別演習Ⅲ,鈴木　誠一,集中（前期）　集中講義　集中講義,１年生 ,UNKNOWN
物質生命特別演習Ⅲ,鈴木　誠一,集中（後期）　集中講義　集中講義,１年生 ,UNKNOWN
物質生命特別演習Ⅲa,青柳　里果,集中（前期）　集中講義　集中講義,１年生 ,UNKNOWN
物質生命特別演習Ⅲa,鈴木　誠一,集中（前期）　集中講義　集中講義,１年生 ,UNKNOWN
物質生命特別演習Ⅲb,青柳　里果,集中（後期）　集中講義　集中講義,１年生 ,UNKNOWN
物質生命特別演習Ⅲb,鈴木　誠一,集中（後期）　集中講義　集中講義,１年生 ,UNKNOWN
物質生命特別演習Ⅳ,青柳　里果,集中（前期）　集中講義　集中講義,２年生 ,UNKNOWN
物質生命特別演習Ⅳ,青柳　里果,集中（後期）　集中講義　集中講義,２年生 ,UNKNOWN
物質生命特別演習Ⅳ,鈴木　誠一,集中（前期）　集中講義　集中講義,２年生 ,UNKNOWN
物質生命特別演習Ⅳ,鈴木　誠一,集中（後期）　集中講義　集中講義,２年生 ,UNKNOWN
物質生命特別実験Ⅲ,青柳　里果,集中（前期）　集中講義　集中講義,１年生 ,UNKNOWN
物質生命特別実験Ⅲ,青柳　里果,集中（後期）　集中講義　集中講義,１年生 ,UNKNOWN
物質生命特別実験Ⅲ,鈴木　誠一,集中（前期）　集中講義　集中講義,１年生 ,UNKNOWN
物質生命特別実験Ⅲ,鈴木　誠一,集中（後期）　集中講義　集中講義,１年生 ,UNKNOWN
物質生命特別実験Ⅲa,青柳　里果,集中（前期）　集中講義　集中講義,１年生 ,UNKNOWN
物質生命特別実験Ⅲa,鈴木　誠一,集中（前期）　集中講義　集中講義,１年生 ,UNKNOWN
物質生命特別実験Ⅲb,青柳　里果,集中（後期）　集中講義　集中講義,１年生 ,UNKNOWN
物質生命特別実験Ⅲb,鈴木　誠一,集中（後期）　集中講義　集中講義,１年生 ,UNKNOWN
物質生命特別実験Ⅳ,青柳　里果,集中（前期）　集中講義　集中講義,２年生 ,UNKNOWN
物質生命特別実験Ⅳ,青柳　里果,集中（後期）　集中講義　集中講義,２年生 ,UNKNOWN
物質生命特別実験Ⅳ,鈴木　誠一,集中（前期）　集中講義　集中講義,２年生 ,UNKNOWN
物質生命特別実験Ⅳ,鈴木　誠一,集中（後期）　集中講義　集中講義,２年生 ,UNKNOWN
イメージメディア特論Ⅰ,小池　淳,前期　金曜日　２時限,１年生 ,UNKNOWN
統計学特論Ⅱ,小森　理,前期　月曜日　１時限,１年生 ,UNKNOWN
情報科学特別演習Ⅰ,小池　淳,集中（前期）　集中講義　集中講義,１年生 ,UNKNOWN
情報科学特別演習Ⅰ,小池　淳,集中（後期）　集中講義　集中講義,１年生 ,UNKNOWN
情報科学特別演習Ⅰ,小森　理,集中（前期）　集中講義　集中講義,１年生 ,UNKNOWN
情報科学特別演習Ⅰ,小森　理,集中（後期）　集中講義　集中講義,１年生 ,UNKNOWN
情報科学特別演習Ⅰa,小池　淳,集中（前期）　集中講義　集中講義,１年生 ,UNKNOWN
情報科学特別演習Ⅰa,小森　理,集中（前期）　集中講義　集中講義,１年生 ,UNKNOWN
情報科学特別演習Ⅰb,小池　淳,集中（後期）　集中講義　集中講義,１年生 ,UNKNOWN
情報科学特別演習Ⅰb,小森　理,集中（後期）　集中講義　集中講義,１年生 ,UNKNOWN
情報科学特別演習Ⅱ,小池　淳,集中（前期）　集中講義　集中講義,１年生 ,UNKNOWN
情報科学特別演習Ⅱ,小池　淳,集中（後期）　集中講義　集中講義,１年生 ,UNKNOWN
情報科学特別演習Ⅱ,小森　理,集中（前期）　集中講義　集中講義,１年生 ,UNKNOWN
情報科学特別演習Ⅱ,小森　理,集中（後期）　集中講義　集中講義,１年生 ,UNKNOWN
情報科学特別実験Ⅰ,小池　淳,集中（前期）　集中講義　集中講義,１年生 ,UNKNOWN
情報科学特別実験Ⅰ,小池　淳,集中（後期）　集中講義　集中講義,１年生 ,UNKNOWN
情報科学特別実験Ⅰ,小森　理,集中（前期）　集中講義　集中講義,１年生 ,UNKNOWN
情報科学特別実験Ⅰ,小森　理,集中（後期）　集中講義　集中講義,１年生 ,UNKNOWN
情報科学特別実験Ⅰa,小池　淳,集中（前期）　集中講義　集中講義,１年生 ,UNKNOWN
情報科学特別実験Ⅰa,小森　理,集中（前期）　集中講義　集中講義,１年生 ,UNKNOWN
情報科学特別実験Ⅰb,小池　淳,集中（後期）　集中講義　集中講義,１年生 ,UNKNOWN
情報科学特別実験Ⅰb,小森　理,集中（後期）　集中講義　集中講義,１年生 ,UNKNOWN
情報科学特別実験Ⅱ,小池　淳,集中（前期）　集中講義　集中講義,１年生 ,UNKNOWN
情報科学特別実験Ⅱ,小池　淳,集中（後期）　集中講義　集中講義,１年生 ,UNKNOWN
情報科学特別実験Ⅱ,小森　理,集中（前期）　集中講義　集中講義,１年生 ,UNKNOWN
情報科学特別実験Ⅱ,小森　理,集中（後期）　集中講義　集中講義,１年生 ,UNKNOWN
統計学特論Ⅳ,小森　理,後期　月曜日　１時限,１年生 ,UNKNOWN
情報科学特別演習Ⅲ,小池　淳,集中（前期）　集中講義　集中講義,１年生 ,UNKNOWN
情報科学特別演習Ⅲ,小池　淳,集中（後期）　集中講義　集中講義,１年生 ,UNKNOWN
情報科学特別演習Ⅲ,小森　理,集中（前期）　集中講義　集中講義,１年生 ,UNKNOWN
情報科学特別演習Ⅲ,小森　理,集中（後期）　集中講義　集中講義,１年生 ,UNKNOWN
情報科学特別演習Ⅲa,小池　淳,集中（前期）　集中講義　集中講義,１年生 ,UNKNOWN
情報科学特別演習Ⅲa,小森　理,集中（前期）　集中講義　集中講義,１年生 ,UNKNOWN
情報科学特別演習Ⅲb,小池　淳,集中（後期）　集中講義　集中講義,１年生 ,UNKNOWN
情報科学特別演習Ⅲb,小森　理,集中（後期）　集中講義　集中講義,１年生 ,UNKNOWN
情報科学特別演習Ⅳ,小池　淳,集中（前期）　集中講義　集中講義,２年生 ,UNKNOWN
情報科学特別演習Ⅳ,小池　淳,集中（後期）　集中講義　集中講義,２年生 ,UNKNOWN
情報科学特別演習Ⅳ,小森　理,集中（前期）　集中講義　集中講義,２年生 ,UNKNOWN
情報科学特別演習Ⅳ,小森　理,集中（後期）　集中講義　集中講義,２年生 ,UNKNOWN
情報科学特別実験Ⅲ,小池　淳,集中（前期）　集中講義　集中講義,１年生 ,UNKNOWN
情報科学特別実験Ⅲ,小池　淳,集中（後期）　集中講義　集中講義,１年生 ,UNKNOWN
情報科学特別実験Ⅲ,小森　理,集中（前期）　集中講義　集中講義,１年生 ,UNKNOWN
情報科学特別実験Ⅲ,小森　理,集中（後期）　集中講義　集中講義,１年生 ,UNKNOWN
情報科学特別実験Ⅲa,小池　淳,集中（前期）　集中講義　集中講義,１年生 ,UNKNOWN
情報科学特別実験Ⅲa,小森　理,集中（前期）　集中講義　集中講義,１年生 ,UNKNOWN
情報科学特別実験Ⅲb,小池　淳,集中（後期）　集中講義　集中講義,１年生 ,UNKNOWN
情報科学特別実験Ⅲb,小森　理,集中（後期）　集中講義　集中講義,１年生 ,UNKNOWN
情報科学特別実験Ⅳ,小池　淳,集中（前期）　集中講義　集中講義,２年生 ,UNKNOWN
情報科学特別実験Ⅳ,小池　淳,集中（後期）　集中講義　集中講義,２年生 ,UNKNOWN
情報科学特別実験Ⅳ,小森　理,集中（前期）　集中講義　集中講義,２年生 ,UNKNOWN
情報科学特別実験Ⅳ,小森　理,集中（後期）　集中講義　集中講義,２年生 ,UNKNOWN
憲法基本研究Ⅰ,藤井　樹也,前期　日曜日　曜日時限未定,１年生 ,UNKNOWN
憲法基本研究Ⅰ,藤井　樹也,後期　日曜日　曜日時限未定,１年生 ,UNKNOWN
民法特殊研究Ⅰ,建部　雅,前期　日曜日　曜日時限未定,１年生 ,UNKNOWN
民法特殊研究Ⅱ,建部　雅,後期　日曜日　曜日時限未定,１年生 ,UNKNOWN
日本語学演習ＡⅠ,久保田　篤,前期　火曜日　３時限,１年生 ,UNKNOWN
日本語学演習ＡⅡ,久保田　篤,後期　火曜日　３時限,１年生 ,UNKNOWN
論文演習Ⅰ,久保田　篤,前期　火曜日　１時限,１年生 ,UNKNOWN
論文演習Ⅰ,久保田　篤,後期　火曜日　１時限,１年生 ,UNKNOWN
論文演習Ⅱ,久保田　篤,前期　火曜日　１時限,２年生 ,UNKNOWN
論文演習Ⅱ,久保田　篤,後期　火曜日　１時限,２年生 ,UNKNOWN
論文演習Ⅰ,浜田　雄介,前期　火曜日　１時限,１年生 ,UNKNOWN
論文演習Ⅰ,浜田　雄介,後期　火曜日　１時限,１年生 ,UNKNOWN
論文演習Ⅱ,浜田　雄介,前期　火曜日　１時限,２年生 ,UNKNOWN
論文演習Ⅱ,浜田　雄介,後期　火曜日　１時限,２年生 ,UNKNOWN
課題研究Ⅰ,久保田　篤,前期　火曜日　１時限,１年生 ,UNKNOWN
課題研究Ⅰ,久保田　篤,後期　火曜日　１時限,１年生 ,UNKNOWN
課題研究Ⅱ,久保田　篤,前期　火曜日　１時限,２年生 ,UNKNOWN
課題研究Ⅱ,久保田　篤,後期　火曜日　１時限,２年生 ,UNKNOWN
課題研究Ⅰ,浜田　雄介,前期　火曜日　１時限,１年生 ,UNKNOWN
課題研究Ⅰ,浜田　雄介,後期　火曜日　１時限,１年生 ,UNKNOWN
課題研究Ⅱ,浜田　雄介,前期　火曜日　１時限,２年生 ,UNKNOWN
課題研究Ⅱ,浜田　雄介,後期　火曜日　１時限,２年生 ,UNKNOWN
社会学研究ＢⅠ,稲葉　佳奈子,前期　月曜日　４時限,１年生 ,UNKNOWN
社会学研究ＢⅡ,稲葉　佳奈子,後期　月曜日　４時限,１年生 ,UNKNOWN
メディア演習Ｂ,今田　絵里香,前期　月曜日　４時限,１年生 ,UNKNOWN
メディア演習Ｂ,今田　絵里香,後期　月曜日　４時限,１年生 ,UNKNOWN
メディア演習ＢⅠ,今田　絵里香,前期　月曜日　４時限,１年生 ,UNKNOWN
メディア演習ＢⅡ,今田　絵里香,後期　月曜日　４時限,１年生 ,UNKNOWN
論文演習Ⅰ,今田　絵里香,前期　月曜日　５時限,１年生 ,UNKNOWN
論文演習Ⅰ,今田　絵里香,後期　月曜日　５時限,１年生 ,UNKNOWN
論文演習Ⅱ,今田　絵里香,前期　月曜日　５時限,２年生 ,UNKNOWN
論文演習Ⅱ,今田　絵里香,後期　月曜日　５時限,２年生 ,UNKNOWN
課題研究Ⅰ,今田　絵里香,前期　月曜日　５時限,１年生 ,UNKNOWN
課題研究Ⅰ,今田　絵里香,後期　月曜日　５時限,１年生 ,UNKNOWN
課題研究Ⅱ,今田　絵里香,前期　月曜日　５時限,２年生 ,UNKNOWN
課題研究Ⅱ,今田　絵里香,後期　月曜日　５時限,２年生 ,UNKNOWN
日本語学特殊研究ＡⅠ,久保田　篤,前期　火曜日　３時限,１年生 ,UNKNOWN
日本語学特殊研究ＡⅡ,久保田　篤,後期　火曜日　３時限,１年生 ,UNKNOWN
論文演習Ⅲ,久保田　篤,前期　木曜日　１時限,１年生 ,UNKNOWN
論文演習Ⅲ,久保田　篤,後期　木曜日　１時限,１年生 ,UNKNOWN
論文演習Ⅳ,久保田　篤,前期　木曜日　１時限,２年生 ,UNKNOWN
論文演習Ⅳ,久保田　篤,後期　木曜日　１時限,２年生 ,UNKNOWN
論文演習Ⅴ,久保田　篤,前期　木曜日　１時限,３年生 ,UNKNOWN
論文演習Ⅴ,久保田　篤,後期　木曜日　１時限,３年生 ,UNKNOWN
論文演習Ⅲ,浜田　雄介,前期　木曜日　１時限,１年生 ,UNKNOWN
論文演習Ⅲ,浜田　雄介,後期　木曜日　１時限,１年生 ,UNKNOWN
論文演習Ⅳ,浜田　雄介,前期　木曜日　１時限,２年生 ,UNKNOWN
論文演習Ⅳ,浜田　雄介,後期　木曜日　１時限,２年生 ,UNKNOWN
論文演習Ⅴ,浜田　雄介,前期　木曜日　１時限,３年生 ,UNKNOWN
論文演習Ⅴ,浜田　雄介,後期　木曜日　１時限,３年生 ,UNKNOWN
メディア特殊研究Ｂ,今田　絵里香,前期　月曜日　４時限,１年生 ,UNKNOWN
メディア特殊研究Ｂ,今田　絵里香,後期　月曜日　４時限,１年生 ,UNKNOWN
メディア特殊研究ＢⅠ,今田　絵里香,前期　月曜日　４時限,１年生 ,UNKNOWN
メディア特殊研究ＢⅡ,今田　絵里香,後期　月曜日　４時限,１年生 ,UNKNOWN
論文演習Ⅲ,今田　絵里香,前期　月曜日　５時限,１年生 ,UNKNOWN
論文演習Ⅲ,今田　絵里香,後期　月曜日　５時限,１年生 ,UNKNOWN
論文演習Ⅳ,今田　絵里香,前期　月曜日　５時限,２年生 ,UNKNOWN
論文演習Ⅳ,今田　絵里香,後期　月曜日　５時限,２年生 ,UNKNOWN
論文演習Ⅴ,今田　絵里香,前期　月曜日　５時限,３年生 ,UNKNOWN
論文演習Ⅴ,今田　絵里香,後期　月曜日　５時限,３年生 ,UNKNOWN
